Lres,Lcoupler,F0[GHz],Q,KIDlengthwritten,KIDlengthcalculated,Hyblengthwrite,Larm,CouplerD,Xpos,Ypos,indices
6169.4949,587.11599,5.18,3000,6169.4949,6169.4949,1680.6335,579.55918,80,-2000,0,-2
6157.6076,313.03974,5.19,10000,6157.6076,6157.6076,1762.5675,612.3328,80,-1000,0,-1
6145.766,173.80368,5.2,30000,6145.766,6145.766,1802.3783,628.25711,80,0,0,0
6133.9699,173.4433,5.21,30000,6133.9699,6133.9699,1798.8047,626.82765,80,1000,0,1
6122.219,173.08433,5.22,30000,6122.219,6122.219,1795.2447,625.40366,80,2000,0,2
